Product,title,Stock_status,Manufacturer
100-034-637WB,"30mm 1.54"" 0 MOA Modular Mount, Tan",In Stock,Badger Ordnance
100-034-638WB,"34mm 1.54"" 0 MOA Modular Mount, Tan",Out of Stock,Badger Ordnance
100-034-639WB,"35mm 1.54"" 0 MOA Modular Mount, Tan",Out of Stock,Badger Ordnance
100-034-640WB,"30mm 1.54"" 20 MOA Modular Mount, Tan",In Stock,Badger Ordnance
100-034-641WB,"34mm 1.54"" 20 MOA Modular Mount, Tan",Out of Stock,Badger Ordnance
100-034-642WB,"35mm 1.54"" 20 MOA Modular Mount, Tan",In Stock,Badger Ordnance
100-034-643WB,"30mm 1.70"" 0 MOA Modular Mount, Tan",Out of Stock,Badger Ordnance
100-034-644WB,"34mm 1.70"" 0 MOA Modular Mount, Tan",Out of Stock,Badger Ordnance
100-034-645WB,"30mm 1.93"" 0 MOA Modular Mount, Tan",Out of Stock,Badger Ordnance
100-034-646WB,"34mm 1.93"" 0 MOA Modular Mount, Tan",Out of Stock,Badger Ordnance
100-034-647WB,"30mm 1.54"" 0 MOA Modular Mount, Black",In Stock,Badger Ordnance
100-034-648WB,"34mm 1.54"" 0 MOA Modular Mount, Black",Out of Stock,Badger Ordnance
100-034-649WB,"35mm 1.54"" 0 MOA Modular Mount, Black",Out of Stock,Badger Ordnance
100-034-650WB,"30mm 1.54"" 20 MOA Modular Mount, Black",In Stock,Badger Ordnance
100-034-651WB,"34mm 1.54"" 20 MOA Modular Mount, Black",Out of Stock,Badger Ordnance
100-034-652WB,"35mm 1.54"" 20 MOA Modular Mount, Black",Out of Stock,Badger Ordnance
100-034-653WB,"30mm 1.70"" 0 MOA Modular Mount, Black",Out of Stock,Badger Ordnance
100-034-654WB,"34mm 1.70"" 0 MOA Modular Mount, Black",Out of Stock,Badger Ordnance
100-034-655WB,"30mm 1.93"" 0 MOA Modular Mount, Black",Out of Stock,Badger Ordnance
100-034-656WB,"34mm 1.93"" 0 MOA Modular Mount, Black",Out of Stock,Badger Ordnance
